created_at,polarity
2020-02-05 23:59:54,0.0
2020-02-05 23:59:39,0.4
2020-02-05 23:57:22,0.2
2020-02-05 23:56:15,0.0
2020-02-05 23:54:42,0.25
2020-02-05 23:53:17,0.14242424242424243
2020-02-05 23:53:00,0.2
2020-02-05 23:52:37,0.5
2020-02-05 23:51:03,-0.125
2020-02-05 23:49:57,0.0
2020-02-05 23:46:25,0.4
2020-02-05 23:41:48,0.0
2020-02-05 23:40:53,0.18333333333333335
2020-02-05 23:40:53,0.0
2020-02-05 23:40:52,-0.5
2020-02-05 23:40:52,-0.06168831168831169
2020-02-05 23:40:51,0.58
2020-02-05 23:40:26,0.14999999999999997
2020-02-05 23:39:21,0.18333333333333335
2020-02-05 23:39:01,0.0
2020-02-05 23:35:37,0.0
2020-02-05 23:33:33,0.0
2020-02-05 23:30:47,0.2
2020-02-05 23:30:00,0.2
2020-02-05 23:26:06,0.0
2020-02-05 23:25:58,0.0
2020-02-05 23:25:50,-0.5
2020-02-05 23:24:24,0.0
2020-02-05 23:24:05,0.2722222222222222
2020-02-05 23:23:42,0.4
2020-02-05 23:18:57,-0.08333333333333333
2020-02-05 23:17:39,0.0
2020-02-05 23:17:09,0.13636363636363635
2020-02-05 23:16:33,0.3181818181818182
2020-02-05 23:15:36,-0.23333333333333334
2020-02-05 23:15:15,0.2722222222222222
2020-02-05 23:15:09,0.0
2020-02-05 23:13:33,0.13333333333333333
2020-02-05 23:13:09,0.0
2020-02-05 23:13:05,0.16
2020-02-05 23:11:54,0.5
2020-02-05 23:11:19,0.4
2020-02-05 23:11:16,0.0
2020-02-05 23:11:10,0.0
2020-02-05 23:07:50,0.0
2020-02-05 23:03:23,0.1
2020-02-05 23:03:00,0.0
2020-02-05 22:59:12,0.0
2020-02-05 22:56:07,0.25999999999999995
2020-02-05 22:51:38,0.0
2020-02-05 22:51:16,0.0
2020-02-05 22:50:49,-0.06666666666666667
2020-02-05 22:47:38,0.0
2020-02-05 22:46:40,0.32857142857142857
2020-02-05 22:44:26,0.0
2020-02-05 22:43:47,0.0
2020-02-05 22:43:32,0.0
2020-02-05 22:43:13,0.0
2020-02-05 22:43:02,0.5
2020-02-05 22:42:51,0.15000000000000002
2020-02-05 22:41:26,-0.15555555555555559
2020-02-05 22:40:41,0.0
2020-02-05 22:40:36,0.0
2020-02-05 22:40:28,0.2857142857142857
2020-02-05 22:40:27,0.0
2020-02-05 22:39:29,0.0
2020-02-05 22:37:14,0.0
2020-02-05 22:36:46,-0.125
2020-02-05 22:32:08,0.2
2020-02-05 22:31:35,0.55
2020-02-05 22:31:19,-0.15555555555555559
2020-02-05 22:31:04,0.0
2020-02-05 22:30:58,-0.15555555555555559
2020-02-05 22:30:39,0.27878787878787875
2020-02-05 22:30:15,0.13636363636363635
2020-02-05 22:29:47,-0.15555555555555559
2020-02-05 22:29:42,0.2
2020-02-05 22:28:37,0.0
2020-02-05 22:28:27,-0.15555555555555559
2020-02-05 22:28:25,0.0
2020-02-05 22:28:13,-0.44999999999999996
2020-02-05 22:28:00,0.2607142857142857
2020-02-05 22:27:39,0.2888888888888889
2020-02-05 22:27:15,0.0
2020-02-05 22:27:04,0.0
2020-02-05 22:27:04,0.19999999999999998
2020-02-05 22:25:33,0.25
2020-02-05 22:25:04,0.21666666666666667
2020-02-05 22:24:14,-0.44999999999999996
2020-02-05 22:24:03,0.0
2020-02-05 22:24:00,0.4
2020-02-05 22:23:11,0.0
2020-02-05 22:23:02,-0.15555555555555559
2020-02-05 22:22:35,-0.15555555555555559
2020-02-05 22:22:20,-0.15555555555555559
2020-02-05 22:20:16,0.0
2020-02-05 22:19:15,0.0
2020-02-05 22:18:10,0.2
2020-02-05 22:17:40,0.2
2020-02-05 22:17:25,0.0
2020-02-05 22:16:15,0.0
2020-02-05 22:16:10,0.0
2020-02-05 22:16:09,0.0
2020-02-05 22:16:07,0.0
2020-02-05 22:13:15,0.0
2020-02-05 22:11:59,0.13636363636363635
2020-02-05 22:11:47,0.16666666666666669
2020-02-05 22:11:25,0.0
2020-02-05 22:10:58,0.1
2020-02-05 22:09:38,0.06666666666666667
2020-02-05 22:09:05,0.0
2020-02-05 22:09:04,0.0
2020-02-05 22:07:21,0.0
2020-02-05 22:06:03,0.1
2020-02-05 22:05:29,0.5
2020-02-05 22:04:14,0.15000000000000002
2020-02-05 22:03:19,0.0
2020-02-05 22:03:18,0.0
2020-02-05 22:03:17,0.0
2020-02-05 22:03:16,0.0
2020-02-05 22:03:15,0.0
2020-02-05 22:03:14,0.0
2020-02-05 22:03:13,0.0
2020-02-05 22:03:08,0.15000000000000002
2020-02-05 22:02:27,0.0
2020-02-05 22:01:59,0.4
2020-02-05 22:01:14,0.13636363636363635
2020-02-05 22:00:54,0.13636363636363635
2020-02-05 22:00:49,0.4
2020-02-05 22:00:43,0.0
2020-02-05 22:00:19,0.0
2020-02-05 21:58:02,0.0
2020-02-05 21:57:15,0.0
2020-02-05 21:56:38,0.0
2020-02-05 21:55:49,0.13636363636363635
2020-02-05 21:51:45,0.0
2020-02-05 21:50:57,0.0
2020-02-05 21:47:59,-0.1
2020-02-05 21:47:30,0.45
2020-02-05 21:46:06,0.18333333333333335
2020-02-05 21:46:05,0.13636363636363635
2020-02-05 21:46:04,0.13636363636363635
2020-02-05 21:46:01,0.18333333333333335
2020-02-05 21:46:01,0.03333333333333334
2020-02-05 21:44:05,0.0
2020-02-05 21:41:59,0.0
2020-02-05 21:41:26,0.13636363636363635
2020-02-05 21:40:25,0.25
2020-02-05 21:39:51,0.11666666666666665
2020-02-05 21:38:12,0.0
2020-02-05 21:37:11,0.27878787878787875
2020-02-05 21:35:10,0.11666666666666665
2020-02-05 21:34:28,0.7
2020-02-05 21:34:17,0.0
2020-02-05 21:33:44,0.0
2020-02-05 21:33:33,0.25
2020-02-05 21:32:32,0.5
2020-02-05 21:32:31,0.0
2020-02-05 21:32:30,0.0
2020-02-05 21:29:29,0.0
2020-02-05 21:29:21,0.13636363636363635
2020-02-05 21:29:18,0.2
2020-02-05 21:28:55,0.45714285714285713
2020-02-05 21:28:45,0.0
2020-02-05 21:26:24,0.0
2020-02-05 21:25:12,0.0
2020-02-05 21:24:10,0.0
2020-02-05 21:23:57,0.0
2020-02-05 21:23:04,0.13636363636363635
2020-02-05 21:22:27,0.0
2020-02-05 21:22:27,0.0
2020-02-05 21:22:26,0.125
2020-02-05 21:21:09,-0.07777777777777779
2020-02-05 21:19:23,0.0
2020-02-05 21:18:11,0.0
2020-02-05 21:17:55,0.13636363636363635
2020-02-05 21:17:42,0.5
2020-02-05 21:17:18,0.1
2020-02-05 21:17:10,0.8
2020-02-05 21:16:33,0.25757575757575757
2020-02-05 21:16:12,0.16666666666666666
2020-02-05 21:16:10,0.1
2020-02-05 21:15:33,0.0
2020-02-05 21:13:10,0.0
2020-02-05 21:09:20,0.0
2020-02-05 21:08:12,0.0
2020-02-05 21:07:33,0.2380952380952381
2020-02-05 21:06:31,0.15000000000000002
2020-02-05 21:03:27,0.0
2020-02-05 21:03:24,0.0
2020-02-05 21:03:15,0.0
2020-02-05 21:02:42,0.5
2020-02-05 21:02:17,0.3
2020-02-05 21:02:12,0.25
2020-02-05 21:01:37,0.2380952380952381
2020-02-05 21:01:06,-0.3
2020-02-05 21:00:25,0.0
2020-02-05 21:00:25,0.0
2020-02-05 21:00:25,0.0
2020-02-05 20:59:31,0.1
2020-02-05 20:58:28,0.0
2020-02-05 20:58:28,0.0
2020-02-05 20:58:28,0.0
2020-02-05 20:58:02,0.0
2020-02-05 20:57:02,0.0
2020-02-05 20:56:36,0.0
2020-02-05 20:56:22,0.0
2020-02-05 20:56:22,0.0
2020-02-05 20:56:22,0.0
2020-02-05 20:55:46,0.25
2020-02-05 20:55:45,0.0987878787878788
2020-02-05 20:54:53,0.0
2020-02-05 20:54:19,0.0
2020-02-05 20:54:19,0.0
2020-02-05 20:54:19,0.0
2020-02-05 20:53:38,0.1
2020-02-05 20:53:31,0.0
2020-02-05 20:52:20,0.0
2020-02-05 20:52:20,0.0
2020-02-05 20:52:20,0.0
2020-02-05 20:51:10,0.0
2020-02-05 20:50:36,0.6
2020-02-05 20:50:19,0.0
2020-02-05 20:50:19,0.0
2020-02-05 20:50:19,0.0
2020-02-05 20:49:10,0.0
2020-02-05 20:48:16,0.0
2020-02-05 20:48:16,0.0
2020-02-05 20:48:16,0.0
2020-02-05 20:46:38,0.3
2020-02-05 20:46:13,0.0
2020-02-05 20:46:13,0.0
2020-02-05 20:46:13,0.0
2020-02-05 20:44:17,0.0
2020-02-05 20:44:17,0.0
2020-02-05 20:44:17,0.0
2020-02-05 20:43:41,0.0
2020-02-05 20:43:24,0.0
2020-02-05 20:43:05,0.25757575757575757
2020-02-05 20:42:27,0.0
2020-02-05 20:42:19,-0.0475
2020-02-05 20:42:11,0.0
2020-02-05 20:42:11,0.0
2020-02-05 20:42:11,0.0
2020-02-05 20:41:29,0.0
2020-02-05 20:40:59,0.11666666666666665
2020-02-05 20:40:32,0.0987878787878788
2020-02-05 20:40:17,0.0
2020-02-05 20:40:14,0.0
2020-02-05 20:40:14,0.0
2020-02-05 20:40:14,0.0
2020-02-05 20:40:14,0.0
2020-02-05 20:40:03,-0.14583333333333334
2020-02-05 20:40:00,0.0
2020-02-05 20:38:15,0.0
2020-02-05 20:38:09,0.0
2020-02-05 20:38:09,0.0
2020-02-05 20:38:09,0.0
2020-02-05 20:37:49,0.0
2020-02-05 20:37:47,0.0
2020-02-05 20:36:12,0.0
2020-02-05 20:36:12,0.0
2020-02-05 20:36:12,0.0
2020-02-05 20:35:39,0.0
2020-02-05 20:35:39,0.0
2020-02-05 20:34:43,0.0
2020-02-05 20:34:31,0.1787878787878788
2020-02-05 20:34:11,0.0
2020-02-05 20:34:11,0.0
2020-02-05 20:34:11,0.0
2020-02-05 20:34:06,0.0
2020-02-05 20:34:00,0.13636363636363635
2020-02-05 20:33:32,0.4928571428571428
2020-02-05 20:33:20,-0.11111111111111106
2020-02-05 20:32:41,0.38749999999999996
2020-02-05 20:32:37,0.1787878787878788
2020-02-05 20:32:08,0.0
2020-02-05 20:32:08,0.0
2020-02-05 20:32:08,0.0
2020-02-05 20:30:36,0.0
2020-02-05 20:30:05,0.0
2020-02-05 20:30:05,0.0
2020-02-05 20:30:04,0.0
2020-02-05 20:29:34,0.0987878787878788
2020-02-05 20:29:24,0.0
2020-02-05 20:28:47,0.6
2020-02-05 20:28:08,0.0
2020-02-05 20:28:08,0.0
2020-02-05 20:28:07,0.0
2020-02-05 20:26:06,0.0
2020-02-05 20:26:06,0.0
2020-02-05 20:26:05,0.0
2020-02-05 20:26:05,0.13636363636363635
2020-02-05 20:25:44,0.1787878787878788
2020-02-05 20:25:21,0.45000000000000007
2020-02-05 20:25:20,0.11666666666666665
2020-02-05 20:25:03,0.06818181818181818
2020-02-05 20:24:21,0.8
2020-02-05 20:23:58,0.0
2020-02-05 20:23:58,0.0
2020-02-05 20:23:58,0.0
2020-02-05 20:21:57,0.0
2020-02-05 20:21:57,0.0
2020-02-05 20:21:57,0.0
2020-02-05 20:20:22,0.0
2020-02-05 20:20:01,0.0
2020-02-05 20:20:01,0.0
2020-02-05 20:20:01,0.0
2020-02-05 20:19:38,-0.15555555555555559
2020-02-05 20:19:25,0.0
2020-02-05 20:19:01,0.0
2020-02-05 20:18:37,-0.05
2020-02-05 20:18:24,0.0814814814814815
2020-02-05 20:17:57,0.0
2020-02-05 20:17:57,0.0
2020-02-05 20:17:57,0.0
2020-02-05 20:17:39,0.0
2020-02-05 20:17:29,0.0
2020-02-05 20:16:35,-0.6
2020-02-05 20:16:28,0.0
2020-02-05 20:16:11,0.0
2020-02-05 20:16:10,0.0
2020-02-05 20:15:53,0.0
2020-02-05 20:15:53,0.0
2020-02-05 20:15:53,0.0
2020-02-05 20:15:08,1.0
2020-02-05 20:14:33,0.0
2020-02-05 20:14:18,-0.04999999999999999
2020-02-05 20:14:07,0.0
2020-02-05 20:14:02,-0.1
2020-02-05 20:13:50,0.0
2020-02-05 20:13:34,0.1787878787878788
2020-02-05 20:13:27,0.27878787878787875
2020-02-05 20:13:22,0.0
2020-02-05 20:12:59,0.0
2020-02-05 20:11:58,-0.1
2020-02-05 20:11:49,0.0
2020-02-05 20:11:49,0.0
2020-02-05 20:11:49,0.0
2020-02-05 20:11:38,0.0987878787878788
2020-02-05 20:10:36,0.2
2020-02-05 20:10:25,0.0987878787878788
2020-02-05 20:09:48,0.0
2020-02-05 20:09:48,0.0
2020-02-05 20:09:48,0.0
2020-02-05 20:09:35,0.2
2020-02-05 20:09:28,0.2
2020-02-05 20:08:33,-0.28181818181818175
2020-02-05 20:08:17,0.06818181818181818
2020-02-05 20:08:14,0.0
2020-02-05 20:07:47,0.0
2020-02-05 20:07:46,0.0
2020-02-05 20:07:46,0.0
2020-02-05 20:05:54,0.25
2020-02-05 20:05:53,0.0
2020-02-05 20:05:49,0.0
2020-02-05 20:05:49,0.0
2020-02-05 20:05:49,0.0
2020-02-05 20:05:40,0.0
2020-02-05 20:05:21,0.0
2020-02-05 20:04:34,-0.18181818181818182
2020-02-05 20:04:16,0.27878787878787875
2020-02-05 20:03:58,0.27878787878787875
2020-02-05 20:03:43,0.0
2020-02-05 20:03:43,0.0
2020-02-05 20:03:43,0.0
2020-02-05 20:03:31,0.27878787878787875
2020-02-05 20:03:25,-0.1
2020-02-05 20:03:10,-0.2
2020-02-05 20:02:49,-0.0625
2020-02-05 20:02:00,0.0
2020-02-05 20:01:41,0.0
2020-02-05 20:01:41,0.0
2020-02-05 20:01:41,0.0
2020-02-05 20:01:19,0.0
2020-02-05 20:00:56,0.0
2020-02-05 20:00:30,0.13636363636363635
2020-02-05 19:59:43,0.0
2020-02-05 19:59:43,0.0
2020-02-05 19:59:43,0.0
2020-02-05 19:59:41,0.0
2020-02-05 19:59:14,0.3
2020-02-05 19:59:00,0.0
2020-02-05 19:58:38,0.13636363636363635
2020-02-05 19:58:27,0.0
2020-02-05 19:58:24,0.16666666666666666
2020-02-05 19:58:23,0.0
2020-02-05 19:58:04,0.1
2020-02-05 19:57:35,0.0
2020-02-05 19:57:35,0.0
2020-02-05 19:57:35,0.0
2020-02-05 19:57:00,0.7
2020-02-05 19:55:38,0.0
2020-02-05 19:55:36,0.0
2020-02-05 19:55:36,0.0
2020-02-05 19:55:36,0.0
2020-02-05 19:55:07,0.0
2020-02-05 19:54:27,-0.3
2020-02-05 19:53:53,0.1
2020-02-05 19:53:47,0.0
2020-02-05 19:53:36,0.0
2020-02-05 19:53:36,0.0
2020-02-05 19:53:36,0.0
2020-02-05 19:53:31,0.0
2020-02-05 19:53:11,0.075
2020-02-05 19:53:07,0.0
2020-02-05 19:52:56,0.26666666666666666
2020-02-05 19:52:22,0.85
2020-02-05 19:51:30,0.0
2020-02-05 19:51:30,0.0
2020-02-05 19:51:30,0.0
2020-02-05 19:51:19,-0.15555555555555559
2020-02-05 19:50:35,0.0
2020-02-05 19:49:26,0.0
2020-02-05 19:49:26,0.0
2020-02-05 19:49:26,0.0
2020-02-05 19:47:29,0.0
2020-02-05 19:47:29,0.0
2020-02-05 19:47:29,0.0
2020-02-05 19:47:17,0.2
2020-02-05 19:45:45,0.0
2020-02-05 19:45:31,0.0
2020-02-05 19:45:26,0.0
2020-02-05 19:45:25,0.0
2020-02-05 19:45:25,0.0
2020-02-05 19:45:25,0.0
2020-02-05 19:44:44,0.16
2020-02-05 19:44:33,0.0
2020-02-05 19:43:22,0.0
2020-02-05 19:43:22,0.0
2020-02-05 19:43:22,0.0
2020-02-05 19:41:51,0.13749999999999998
2020-02-05 19:41:20,0.0
2020-02-05 19:41:20,0.0
2020-02-05 19:41:20,0.0
2020-02-05 19:41:17,0.0
2020-02-05 19:40:18,-0.1
2020-02-05 19:39:20,0.0
2020-02-05 19:39:20,0.0
2020-02-05 19:39:20,0.0
2020-02-05 19:38:15,-0.1
2020-02-05 19:37:39,0.0
2020-02-05 19:37:17,0.0
2020-02-05 19:37:17,0.0
2020-02-05 19:37:17,0.0
2020-02-05 19:36:43,0.0
2020-02-05 19:36:11,0.0
2020-02-05 19:35:27,0.0
2020-02-05 19:35:13,0.0
2020-02-05 19:35:13,0.0
2020-02-05 19:35:13,0.0
2020-02-05 19:33:33,0.24318181818181817
2020-02-05 19:33:12,0.0
2020-02-05 19:33:12,0.0
2020-02-05 19:33:12,0.0
2020-02-05 19:32:34,0.2
2020-02-05 19:32:30,0.8
2020-02-05 19:31:12,0.0
2020-02-05 19:31:12,0.0
2020-02-05 19:31:12,0.0
2020-02-05 19:29:50,0.58
2020-02-05 19:29:44,0.13636363636363635
2020-02-05 19:29:29,0.0
2020-02-05 19:29:11,0.0
2020-02-05 19:29:11,0.0
2020-02-05 19:29:11,0.0
2020-02-05 19:28:54,0.0
2020-02-05 19:28:46,0.0
2020-02-05 19:28:44,1.0
2020-02-05 19:28:42,0.0
2020-02-05 19:28:07,0.0
2020-02-05 19:27:51,0.0
2020-02-05 19:27:48,0.0
2020-02-05 19:27:18,0.35
2020-02-05 19:27:07,0.0
2020-02-05 19:27:07,0.0
2020-02-05 19:27:07,0.0
2020-02-05 19:26:46,0.0
2020-02-05 19:26:27,0.0
2020-02-05 19:26:14,0.0
2020-02-05 19:25:19,0.21428571428571427
2020-02-05 19:25:04,0.0
2020-02-05 19:25:04,0.0
2020-02-05 19:25:02,0.0
2020-02-05 19:24:35,-0.3333333333333333
2020-02-05 19:24:11,0.0
2020-02-05 19:23:03,0.0
2020-02-05 19:23:03,0.0
2020-02-05 19:23:03,0.0
2020-02-05 19:22:43,0.0
2020-02-05 19:22:22,0.0
2020-02-05 19:22:17,0.0
2020-02-05 19:21:50,-0.15555555555555559
2020-02-05 19:21:13,0.13636363636363635
2020-02-05 19:21:06,0.0
2020-02-05 19:21:01,0.0
2020-02-05 19:21:00,0.0
2020-02-05 19:21:00,0.0
2020-02-05 19:21:00,0.0
2020-02-05 19:20:01,0.0
2020-02-05 19:18:59,0.0
2020-02-05 19:18:59,0.0
2020-02-05 19:18:59,0.0
2020-02-05 19:18:10,-0.06666666666666665
2020-02-05 19:17:05,0.13636363636363635
2020-02-05 19:17:04,0.0
2020-02-05 19:17:02,0.0
2020-02-05 19:17:02,0.0
2020-02-05 19:17:02,0.0
2020-02-05 19:14:56,0.0
2020-02-05 19:14:56,0.0
2020-02-05 19:14:56,0.0
2020-02-05 19:14:41,0.0
2020-02-05 19:13:53,0.0
2020-02-05 19:13:35,0.10666666666666667
2020-02-05 19:12:52,0.0
2020-02-05 19:12:52,0.0
2020-02-05 19:12:52,0.0
2020-02-05 19:12:23,-0.2261904761904762
2020-02-05 19:12:11,0.0
2020-02-05 19:10:54,0.0
2020-02-05 19:10:54,0.0
2020-02-05 19:10:54,0.0
2020-02-05 19:10:39,0.0
2020-02-05 19:10:21,0.16666666666666666
2020-02-05 19:08:50,0.0
2020-02-05 19:08:48,0.0
2020-02-05 19:08:48,0.0
2020-02-05 19:08:48,0.0
2020-02-05 19:08:36,0.0
2020-02-05 19:07:47,0.20625
2020-02-05 19:06:51,0.0
2020-02-05 19:06:51,0.0
2020-02-05 19:06:51,0.0
2020-02-05 19:05:00,0.16666666666666666
2020-02-05 19:04:55,0.0
2020-02-05 19:04:46,0.0
2020-02-05 19:04:46,0.0
2020-02-05 19:04:46,0.0
2020-02-05 19:04:01,0.15000000000000002
2020-02-05 19:04:00,0.0
2020-02-05 19:03:59,0.0
2020-02-05 19:03:08,0.0
2020-02-05 19:02:56,-0.8
2020-02-05 19:02:44,0.0
2020-02-05 19:02:44,0.0
2020-02-05 19:02:44,0.0
2020-02-05 19:02:34,-0.0625
2020-02-05 19:01:38,0.0
2020-02-05 19:01:00,0.0
2020-02-05 19:00:53,-0.1875
2020-02-05 19:00:40,0.0
2020-02-05 19:00:40,0.0
2020-02-05 19:00:40,0.0
2020-02-05 19:00:01,0.0
2020-02-05 18:59:56,0.4
2020-02-05 18:59:02,0.3181818181818182
2020-02-05 18:58:42,0.0
2020-02-05 18:58:42,0.0
2020-02-05 18:58:42,0.0
2020-02-05 18:58:35,0.0
2020-02-05 18:58:01,0.13636363636363635
2020-02-05 18:56:41,0.0
2020-02-05 18:56:41,0.0
2020-02-05 18:56:41,0.0
2020-02-05 18:56:21,-0.15555555555555559
2020-02-05 18:54:43,0.0
2020-02-05 18:54:40,0.0
2020-02-05 18:54:40,0.0
2020-02-05 18:54:40,0.0
2020-02-05 18:52:45,0.0
2020-02-05 18:52:40,0.5
2020-02-05 18:52:35,0.0
2020-02-05 18:52:35,0.0
2020-02-05 18:52:35,0.0
2020-02-05 18:52:31,0.0
2020-02-05 18:50:33,0.0
2020-02-05 18:50:33,0.0
2020-02-05 18:50:33,0.0
2020-02-05 18:50:27,0.1
2020-02-05 18:48:32,0.0
2020-02-05 18:48:32,0.0
2020-02-05 18:48:32,0.0
2020-02-05 18:48:20,0.0
2020-02-05 18:46:52,0.10666666666666667
2020-02-05 18:46:46,-0.15000000000000002
2020-02-05 18:46:27,0.0
2020-02-05 18:46:27,0.0
2020-02-05 18:46:27,0.0
2020-02-05 18:46:24,0.0
2020-02-05 18:44:29,0.0
2020-02-05 18:44:29,0.0
2020-02-05 18:44:29,0.0
2020-02-05 18:43:41,0.0
2020-02-05 18:42:25,0.0
2020-02-05 18:42:25,0.0
2020-02-05 18:42:25,0.0
2020-02-05 18:42:12,0.0
2020-02-05 18:41:53,0.0
2020-02-05 18:41:42,0.0
2020-02-05 18:40:30,0.0
2020-02-05 18:40:30,0.0
2020-02-05 18:40:30,0.0
2020-02-05 18:39:10,0.0
2020-02-05 18:38:27,0.0
2020-02-05 18:38:27,0.0
2020-02-05 18:38:27,0.0
2020-02-05 18:38:26,0.0
2020-02-05 18:36:59,-0.4
2020-02-05 18:36:46,0.0
2020-02-05 18:36:28,0.0
2020-02-05 18:36:21,0.36818181818181817
2020-02-05 18:36:21,0.0
2020-02-05 18:36:21,0.0
2020-02-05 18:36:21,0.0
2020-02-05 18:35:32,0.0
2020-02-05 18:34:23,0.0
2020-02-05 18:34:22,0.1
2020-02-05 18:34:19,0.0
2020-02-05 18:34:19,0.0
2020-02-05 18:34:19,0.0
2020-02-05 18:32:46,0.0
2020-02-05 18:32:41,-0.15555555555555559
2020-02-05 18:32:19,0.0
2020-02-05 18:32:19,0.0
2020-02-05 18:32:19,0.0
2020-02-05 18:32:03,0.0
2020-02-05 18:30:15,0.0
2020-02-05 18:30:15,0.0
2020-02-05 18:30:14,0.0
2020-02-05 18:30:00,0.1
2020-02-05 18:29:32,0.19814814814814816
2020-02-05 18:29:00,0.0
2020-02-05 18:28:37,0.0
2020-02-05 18:28:12,0.0
2020-02-05 18:28:12,0.0
2020-02-05 18:28:12,0.0
2020-02-05 18:27:37,0.0
2020-02-05 18:26:42,-0.05555555555555555
2020-02-05 18:26:40,0.0
2020-02-05 18:26:11,0.0
2020-02-05 18:26:11,0.0
2020-02-05 18:26:11,0.0
2020-02-05 18:26:08,0.0
2020-02-05 18:26:08,0.4
2020-02-05 18:25:41,-0.1
2020-02-05 18:24:15,0.0
2020-02-05 18:24:15,0.0
2020-02-05 18:24:15,0.0
2020-02-05 18:24:11,0.0
2020-02-05 18:23:29,0.05
2020-02-05 18:22:06,0.0
2020-02-05 18:22:05,0.0
2020-02-05 18:22:05,0.0
2020-02-05 18:21:21,0.0
2020-02-05 18:21:20,0.0
2020-02-05 18:20:26,0.0
2020-02-05 18:20:07,0.0
2020-02-05 18:20:07,0.0
2020-02-05 18:20:07,0.0
2020-02-05 18:18:22,0.0
2020-02-05 18:18:22,0.5
2020-02-05 18:18:06,-0.15555555555555559
2020-02-05 18:18:05,0.0
2020-02-05 18:18:05,0.0
2020-02-05 18:18:05,0.0
2020-02-05 18:17:20,0.0
2020-02-05 18:17:16,0.2
2020-02-05 18:16:51,0.5
2020-02-05 18:16:40,0.0
2020-02-05 18:16:07,0.0
2020-02-05 18:16:07,0.0
2020-02-05 18:16:06,0.0
2020-02-05 18:15:22,-0.4124999999999999
2020-02-05 18:15:00,0.13636363636363635
2020-02-05 18:14:23,0.14375
2020-02-05 18:14:03,0.0
2020-02-05 18:14:03,0.0
2020-02-05 18:14:02,0.0
2020-02-05 18:13:20,0.0
2020-02-05 18:13:02,0.0
2020-02-05 18:12:29,0.0
2020-02-05 18:12:28,0.0
2020-02-05 18:12:06,0.0
2020-02-05 18:12:06,0.0
2020-02-05 18:12:06,0.0
2020-02-05 18:12:00,0.0
2020-02-05 18:11:54,0.75
2020-02-05 18:11:26,0.0
2020-02-05 18:10:04,0.0
2020-02-05 18:10:04,0.0
2020-02-05 18:10:04,0.0
2020-02-05 18:09:58,0.0
2020-02-05 18:09:00,0.0
2020-02-05 18:08:36,0.0
2020-02-05 18:08:20,0.0
2020-02-05 18:08:04,0.0
2020-02-05 18:08:04,0.0
2020-02-05 18:08:04,0.0
2020-02-05 18:07:53,0.20000000000000004
2020-02-05 18:07:48,0.45000000000000007
2020-02-05 18:07:48,0.5
2020-02-05 18:07:03,0.0
2020-02-05 18:07:03,0.16666666666666666
2020-02-05 18:06:54,0.2
2020-02-05 18:06:30,0.0
2020-02-05 18:06:21,-0.045833333333333316
2020-02-05 18:06:02,0.0
2020-02-05 18:06:02,0.0
2020-02-05 18:06:01,0.0
2020-02-05 18:04:24,0.0
2020-02-05 18:04:05,0.013095238095238096
2020-02-05 18:04:00,0.0
2020-02-05 18:04:00,0.0
2020-02-05 18:04:00,0.0
2020-02-05 18:02:24,0.0
2020-02-05 18:02:04,0.0
2020-02-05 18:02:00,0.0
2020-02-05 18:02:00,0.0
2020-02-05 18:02:00,0.0
2020-02-05 18:01:59,0.0
2020-02-05 18:01:57,0.0
2020-02-05 18:01:31,0.0
2020-02-05 18:01:21,0.2
2020-02-05 18:01:02,0.15
2020-02-05 18:00:53,0.0
2020-02-05 18:00:29,0.0
2020-02-05 18:00:10,0.7666666666666666
2020-02-05 17:59:57,0.0
2020-02-05 17:59:57,0.0
2020-02-05 17:59:57,0.0
2020-02-05 17:59:50,0.0
2020-02-05 17:58:55,0.0
2020-02-05 17:57:58,0.0
2020-02-05 17:57:58,0.0
2020-02-05 17:57:58,0.0
2020-02-05 17:57:46,0.25
2020-02-05 17:57:34,0.0
2020-02-05 17:56:10,0.0
2020-02-05 17:55:58,0.0
2020-02-05 17:55:58,0.0
2020-02-05 17:55:58,0.0
2020-02-05 17:55:58,0.0
2020-02-05 17:54:31,0.0
2020-02-05 17:54:19,0.0
2020-02-05 17:54:04,0.4333333333333333
2020-02-05 17:53:52,0.0
2020-02-05 17:53:52,0.0
2020-02-05 17:53:52,0.0
2020-02-05 17:53:50,0.13636363636363635
2020-02-05 17:53:40,0.8
2020-02-05 17:53:33,0.13636363636363635
2020-02-05 17:53:16,0.0
2020-02-05 17:53:00,0.375
2020-02-05 17:52:54,0.35
2020-02-05 17:52:16,0.0
2020-02-05 17:52:07,-0.06666666666666665
2020-02-05 17:51:54,0.18333333333333335
2020-02-05 17:51:53,0.0
2020-02-05 17:51:53,0.0
2020-02-05 17:51:53,0.0
2020-02-05 17:51:30,0.0
2020-02-05 17:51:10,0.0
2020-02-05 17:49:57,0.0
2020-02-05 17:49:50,0.0
2020-02-05 17:49:50,0.0
2020-02-05 17:49:50,0.0
2020-02-05 17:49:24,0.0
2020-02-05 17:47:48,0.0
2020-02-05 17:47:48,0.0
2020-02-05 17:47:48,0.0
2020-02-05 17:47:47,0.0
2020-02-05 17:47:28,0.0
2020-02-05 17:47:25,0.7
2020-02-05 17:46:57,0.0
2020-02-05 17:46:28,0.0
2020-02-05 17:45:52,0.0
2020-02-05 17:45:52,0.0
2020-02-05 17:45:52,0.0
2020-02-05 17:45:31,0.0
2020-02-05 17:45:19,0.0
2020-02-05 17:44:15,0.0
2020-02-05 17:43:48,0.0
2020-02-05 17:43:48,0.0
2020-02-05 17:43:48,0.0
2020-02-05 17:42:43,1.0
2020-02-05 17:42:20,0.0
2020-02-05 17:41:47,0.0
2020-02-05 17:41:47,0.0
2020-02-05 17:41:47,0.0
2020-02-05 17:41:16,0.25
2020-02-05 17:41:13,0.0
2020-02-05 17:41:01,0.8
2020-02-05 17:40:50,0.13636363636363635
2020-02-05 17:40:48,1.0
2020-02-05 17:40:43,0.0
2020-02-05 17:39:48,0.2662878787878788
2020-02-05 17:39:45,0.0
2020-02-05 17:39:45,0.0
2020-02-05 17:39:45,0.0
2020-02-05 17:39:35,0.5
2020-02-05 17:38:56,0.35833333333333334
2020-02-05 17:38:48,-0.15555555555555559
2020-02-05 17:38:40,0.0
2020-02-05 17:38:09,0.18333333333333335
2020-02-05 17:37:53,0.0
2020-02-05 17:37:43,0.0
2020-02-05 17:37:43,0.0
2020-02-05 17:37:43,0.0
2020-02-05 17:37:34,0.2
2020-02-05 17:37:16,0.0625
2020-02-05 17:35:38,0.0
2020-02-05 17:35:38,0.0
2020-02-05 17:35:38,0.0
2020-02-05 17:35:18,0.24839285714285714
2020-02-05 17:35:04,0.375
2020-02-05 17:34:41,0.0
2020-02-05 17:34:05,0.13636363636363635
2020-02-05 17:33:41,0.0
2020-02-05 17:33:41,0.0
2020-02-05 17:33:41,0.0
2020-02-05 17:32:55,-0.15555555555555559
2020-02-05 17:32:30,0.8
2020-02-05 17:31:32,0.0
2020-02-05 17:31:32,0.0
2020-02-05 17:31:32,0.0
2020-02-05 17:31:07,0.3
2020-02-05 17:30:54,-0.36875
2020-02-05 17:30:34,0.8
2020-02-05 17:29:56,0.0
2020-02-05 17:29:33,0.0
2020-02-05 17:29:33,0.0
2020-02-05 17:29:33,0.0
2020-02-05 17:28:47,0.4
2020-02-05 17:28:42,-0.017857142857142863
2020-02-05 17:27:32,0.0
2020-02-05 17:27:32,0.0
2020-02-05 17:27:32,0.0
2020-02-05 17:27:25,-0.15
2020-02-05 17:27:23,0.16666666666666666
2020-02-05 17:27:00,0.16666666666666666
2020-02-05 17:25:29,0.0
2020-02-05 17:25:29,0.0
2020-02-05 17:25:29,0.0
2020-02-05 17:23:26,0.0
2020-02-05 17:23:26,0.0
2020-02-05 17:23:26,0.0
2020-02-05 17:22:20,0.0
2020-02-05 17:22:06,-0.375
2020-02-05 17:22:03,0.25
2020-02-05 17:21:56,-0.125
2020-02-05 17:21:31,0.0
2020-02-05 17:21:28,0.0
2020-02-05 17:21:28,0.0
2020-02-05 17:21:28,0.0
2020-02-05 17:21:22,0.0
2020-02-05 17:21:19,0.09999999999999999
2020-02-05 17:20:13,0.0
2020-02-05 17:20:03,0.0
2020-02-05 17:19:21,0.0
2020-02-05 17:19:21,0.0
2020-02-05 17:19:21,0.0
2020-02-05 17:18:47,0.13636363636363635
2020-02-05 17:18:27,0.58
2020-02-05 17:18:23,0.0
2020-02-05 17:18:13,0.0
2020-02-05 17:17:54,0.7
2020-02-05 17:17:26,0.0
2020-02-05 17:17:26,0.0
2020-02-05 17:17:26,0.0
2020-02-05 17:15:52,0.0
2020-02-05 17:15:34,0.0
2020-02-05 17:15:19,0.0
2020-02-05 17:15:19,0.0
2020-02-05 17:15:18,0.0
2020-02-05 17:14:36,0.0
2020-02-05 17:14:03,-0.35
2020-02-05 17:13:53,0.0
2020-02-05 17:13:16,0.0
2020-02-05 17:13:16,0.0
2020-02-05 17:13:16,0.0
2020-02-05 17:12:13,0.0
2020-02-05 17:11:49,0.0
2020-02-05 17:11:24,0.25
2020-02-05 17:11:16,0.0
2020-02-05 17:11:16,0.0
2020-02-05 17:11:16,0.0
2020-02-05 17:10:08,-0.025
2020-02-05 17:09:12,0.0
2020-02-05 17:09:12,0.0
2020-02-05 17:09:12,0.0
2020-02-05 17:08:30,-0.075
2020-02-05 17:08:18,0.0
2020-02-05 17:08:11,0.5
2020-02-05 17:07:30,0.7
2020-02-05 17:07:16,0.0
2020-02-05 17:07:16,0.0
2020-02-05 17:07:16,0.0
2020-02-05 17:07:02,0.0
2020-02-05 17:07:01,0.15000000000000002
2020-02-05 17:06:02,0.0
2020-02-05 17:05:52,0.0
2020-02-05 17:05:43,0.5
2020-02-05 17:05:30,0.0
2020-02-05 17:05:17,0.0
2020-02-05 17:05:17,0.0
2020-02-05 17:05:16,0.0
2020-02-05 17:04:15,0.0
2020-02-05 17:03:40,0.18333333333333335
2020-02-05 17:03:10,0.0
2020-02-05 17:03:10,0.0
2020-02-05 17:03:10,0.0
2020-02-05 17:03:09,0.5
2020-02-05 17:02:30,0.25
2020-02-05 17:01:59,0.0
2020-02-05 17:01:58,0.0
2020-02-05 17:01:54,0.0
2020-02-05 17:01:41,0.23642857142857143
2020-02-05 17:01:27,0.0
2020-02-05 17:01:19,0.18333333333333335
2020-02-05 17:01:13,0.18333333333333335
2020-02-05 17:01:12,0.0
2020-02-05 17:01:12,0.0
2020-02-05 17:01:12,0.0
2020-02-05 17:01:07,0.0
2020-02-05 17:00:52,0.45
2020-02-05 17:00:19,0.2380952380952381
2020-02-05 17:00:18,0.0
2020-02-05 17:00:11,-0.09999999999999999
2020-02-05 17:00:10,0.0
2020-02-05 17:00:07,0.0
2020-02-05 17:00:07,0.0
2020-02-05 16:59:23,0.1
2020-02-05 16:59:20,-0.125
2020-02-05 16:59:13,0.0
2020-02-05 16:59:13,0.0
2020-02-05 16:59:11,0.0
2020-02-05 16:59:00,0.8
2020-02-05 16:57:36,0.0
2020-02-05 16:57:14,0.0
2020-02-05 16:57:14,0.0
2020-02-05 16:57:14,0.0
2020-02-05 16:57:06,0.13636363636363635
2020-02-05 16:56:38,0.3125
2020-02-05 16:55:51,0.0
2020-02-05 16:55:45,0.0
2020-02-05 16:55:09,0.0
2020-02-05 16:55:09,0.0
2020-02-05 16:55:09,0.0
2020-02-05 16:54:12,0.3
2020-02-05 16:53:49,0.0
2020-02-05 16:53:47,0.0
2020-02-05 16:53:10,0.0
2020-02-05 16:53:10,0.0
2020-02-05 16:53:10,0.0
2020-02-05 16:51:57,0.0
2020-02-05 16:51:28,0.5
2020-02-05 16:51:26,0.0
2020-02-05 16:51:11,0.0
2020-02-05 16:51:11,0.0
2020-02-05 16:51:11,0.0
2020-02-05 16:51:07,0.0
2020-02-05 16:51:05,0.0
2020-02-05 16:50:04,0.6
2020-02-05 16:49:40,0.5
2020-02-05 16:49:39,0.6
2020-02-05 16:49:06,0.0
2020-02-05 16:49:06,0.0
2020-02-05 16:49:06,0.0
2020-02-05 16:48:53,0.6
2020-02-05 16:47:48,0.0
2020-02-05 16:47:20,0.1
2020-02-05 16:47:08,0.0
2020-02-05 16:47:08,0.0
2020-02-05 16:47:07,0.0
2020-02-05 16:46:33,-0.0411904761904762
2020-02-05 16:45:58,0.25
2020-02-05 16:45:04,0.0
2020-02-05 16:45:04,0.0
2020-02-05 16:45:04,0.0
2020-02-05 16:44:26,0.0
2020-02-05 16:44:12,-0.0625
2020-02-05 16:43:11,0.5
2020-02-05 16:43:06,0.0
2020-02-05 16:43:06,0.0
2020-02-05 16:43:06,0.0
2020-02-05 16:43:02,0.0
2020-02-05 16:41:33,0.25
2020-02-05 16:41:12,0.225
2020-02-05 16:41:10,0.25
2020-02-05 16:41:05,0.0
2020-02-05 16:41:05,0.0
2020-02-05 16:41:05,0.0
2020-02-05 16:40:34,0.0
2020-02-05 16:40:24,0.0
2020-02-05 16:39:53,0.0
2020-02-05 16:39:42,0.0
2020-02-05 16:39:22,0.45
2020-02-05 16:39:03,0.0
2020-02-05 16:39:03,0.0
2020-02-05 16:39:03,0.0
2020-02-05 16:37:16,0.0
2020-02-05 16:37:08,0.45000000000000007
2020-02-05 16:37:04,0.0
2020-02-05 16:37:04,0.0
2020-02-05 16:37:04,0.0
2020-02-05 16:34:58,0.0
2020-02-05 16:34:58,0.0
2020-02-05 16:34:58,0.0
2020-02-05 16:34:55,0.5
2020-02-05 16:33:11,0.35
2020-02-05 16:32:59,-0.375
2020-02-05 16:32:59,0.0
2020-02-05 16:32:59,0.0
2020-02-05 16:32:59,0.0
2020-02-05 16:32:25,0.0
2020-02-05 16:31:47,-0.025
2020-02-05 16:31:43,0.08333333333333333
2020-02-05 16:31:03,-0.00625
2020-02-05 16:31:01,0.0
2020-02-05 16:31:01,0.0
2020-02-05 16:31:01,0.0
2020-02-05 16:31:00,0.5
2020-02-05 16:30:28,-0.15
2020-02-05 16:29:00,0.0
2020-02-05 16:29:00,0.0
2020-02-05 16:29:00,0.0
2020-02-05 16:28:10,-0.26666666666666666
2020-02-05 16:27:54,0.45000000000000007
2020-02-05 16:27:53,0.24444444444444446
2020-02-05 16:27:11,0.0
2020-02-05 16:27:02,0.0
2020-02-05 16:27:02,0.0
2020-02-05 16:27:02,0.0
2020-02-05 16:25:55,0.45000000000000007
2020-02-05 16:25:47,0.0
2020-02-05 16:25:38,0.45000000000000007
2020-02-05 16:25:15,0.11666666666666665
2020-02-05 16:25:07,0.5
2020-02-05 16:25:06,0.0
2020-02-05 16:25:06,0.35714285714285715
2020-02-05 16:25:01,0.0
2020-02-05 16:25:01,0.0
2020-02-05 16:25:01,0.0
2020-02-05 16:24:12,0.55
2020-02-05 16:23:37,0.3444444444444444
2020-02-05 16:23:00,0.0
2020-02-05 16:23:00,0.0
2020-02-05 16:23:00,0.0
2020-02-05 16:22:42,0.0
2020-02-05 16:22:36,0.0
2020-02-05 16:22:10,0.5
2020-02-05 16:21:42,0.0
2020-02-05 16:21:34,0.0
2020-02-05 16:21:10,0.0
2020-02-05 16:21:02,0.0
2020-02-05 16:21:02,0.0
2020-02-05 16:21:02,0.0
2020-02-05 16:20:35,0.07393939393939393
2020-02-05 16:20:24,0.65
2020-02-05 16:20:16,0.0
2020-02-05 16:20:09,0.03333333333333333
2020-02-05 16:20:06,0.09375
2020-02-05 16:19:53,0.0
2020-02-05 16:19:03,0.0
2020-02-05 16:19:03,0.0
2020-02-05 16:19:03,0.0
2020-02-05 16:18:31,0.0
2020-02-05 16:18:06,-0.4
2020-02-05 16:17:53,0.0
2020-02-05 16:17:46,-0.25
2020-02-05 16:17:18,0.0
2020-02-05 16:17:03,0.0
2020-02-05 16:16:58,0.0
2020-02-05 16:16:58,0.0
2020-02-05 16:16:58,0.0
2020-02-05 16:16:12,0.0
2020-02-05 16:16:11,-0.15555555555555559
2020-02-05 16:16:08,0.58
2020-02-05 16:15:35,0.03333333333333333
2020-02-05 16:15:00,0.0
2020-02-05 16:15:00,0.0
2020-02-05 16:15:00,0.0
2020-02-05 16:15:00,-0.2
2020-02-05 16:14:22,0.5
2020-02-05 16:13:11,0.0
2020-02-05 16:13:00,0.0
2020-02-05 16:13:00,0.0
2020-02-05 16:12:59,0.0
2020-02-05 16:12:29,0.0
2020-02-05 16:12:11,-0.08499999999999999
2020-02-05 16:12:04,0.0
2020-02-05 16:11:54,0.0
2020-02-05 16:11:51,0.45
2020-02-05 16:11:10,0.0
2020-02-05 16:10:55,0.0
2020-02-05 16:10:55,0.0
2020-02-05 16:10:55,0.0
2020-02-05 16:10:27,0.0
2020-02-05 16:09:53,0.0
2020-02-05 16:09:32,0.5
2020-02-05 16:09:06,0.25
2020-02-05 16:08:56,0.15000000000000002
2020-02-05 16:08:55,0.0
2020-02-05 16:08:55,0.0
2020-02-05 16:08:55,0.0
2020-02-05 16:08:36,-0.18333333333333335
2020-02-05 16:07:34,0.0
2020-02-05 16:06:50,-0.2885714285714286
2020-02-05 16:06:33,0.0
2020-02-05 16:06:07,0.15000000000000002
2020-02-05 16:05:53,0.0
2020-02-05 16:04:58,0.0
2020-02-05 16:04:55,0.0
2020-02-05 16:04:55,0.0
2020-02-05 16:04:55,0.0
2020-02-05 16:04:53,0.0
2020-02-05 16:04:47,-0.4000000000000001
2020-02-05 16:03:31,0.0
2020-02-05 16:02:56,0.0
2020-02-05 16:02:56,0.0
2020-02-05 16:02:56,0.0
2020-02-05 16:02:05,0.5
2020-02-05 16:01:53,0.0
2020-02-05 16:01:41,0.2333333333333333
2020-02-05 16:01:39,0.0
2020-02-05 16:01:31,0.3666666666666667
2020-02-05 16:01:22,0.13333333333333336
2020-02-05 16:01:17,0.5
2020-02-05 16:01:10,0.35
2020-02-05 16:01:09,0.0
2020-02-05 16:00:54,0.0
2020-02-05 16:00:54,0.0
2020-02-05 16:00:54,0.0
2020-02-05 16:00:52,-0.05
2020-02-05 16:00:46,0.0
2020-02-05 16:00:33,0.0
2020-02-05 16:00:30,0.0
2020-02-05 16:00:28,0.15
2020-02-05 16:00:19,0.15
2020-02-05 16:00:09,0.15
2020-02-05 16:00:00,0.15
2020-02-05 15:59:16,0.5
2020-02-05 15:58:56,-0.05
2020-02-05 15:58:51,0.0
2020-02-05 15:58:51,0.0
2020-02-05 15:58:51,0.0
2020-02-05 15:57:49,0.0
2020-02-05 15:57:32,0.0
2020-02-05 15:57:17,0.5
2020-02-05 15:56:54,0.0
2020-02-05 15:56:54,0.0
2020-02-05 15:56:54,0.0
2020-02-05 15:56:51,0.5
2020-02-05 15:56:14,0.0
2020-02-05 15:55:52,0.3666666666666667
2020-02-05 15:55:42,0.0
2020-02-05 15:55:32,0.12
2020-02-05 15:55:13,0.0
2020-02-05 15:55:07,0.0
2020-02-05 15:54:50,0.0
2020-02-05 15:54:50,0.0
2020-02-05 15:54:50,0.0
2020-02-05 15:54:47,0.0
2020-02-05 15:54:24,0.0
2020-02-05 15:54:14,0.0
2020-02-05 15:53:29,0.0
2020-02-05 15:53:28,0.0
2020-02-05 15:53:19,0.0
2020-02-05 15:53:10,0.0
2020-02-05 15:52:52,0.0
2020-02-05 15:52:52,0.0
2020-02-05 15:52:52,0.0
2020-02-05 15:52:52,0.0
2020-02-05 15:52:32,-0.05
2020-02-05 15:52:16,0.0
2020-02-05 15:52:04,-0.18888888888888888
2020-02-05 15:52:04,0.4
2020-02-05 15:52:03,0.3
2020-02-05 15:51:59,0.0
2020-02-05 15:51:35,0.0
2020-02-05 15:50:55,0.0
2020-02-05 15:50:55,0.0
2020-02-05 15:50:55,0.0
2020-02-05 15:50:45,0.0
2020-02-05 15:50:23,0.0
2020-02-05 15:50:16,0.0
2020-02-05 15:49:53,0.0
2020-02-05 15:49:34,0.28484848484848485
2020-02-05 15:49:33,0.39285714285714285
2020-02-05 15:49:22,0.0
2020-02-05 15:48:54,0.0
2020-02-05 15:48:54,0.0
2020-02-05 15:48:54,0.0
2020-02-05 15:47:49,-0.1
2020-02-05 15:47:43,-0.375
2020-02-05 15:47:39,0.0
2020-02-05 15:47:34,0.0
2020-02-05 15:46:56,0.0
2020-02-05 15:46:56,0.0
2020-02-05 15:46:56,0.0
2020-02-05 15:45:54,0.0
2020-02-05 15:45:13,-0.14583333333333334
2020-02-05 15:45:01,0.0
2020-02-05 15:44:49,0.0
2020-02-05 15:44:49,0.0
2020-02-05 15:44:49,0.0
2020-02-05 15:44:48,0.023232323232323215
2020-02-05 15:44:33,0.0
2020-02-05 15:44:00,-0.05
2020-02-05 15:43:38,0.0
2020-02-05 15:43:28,0.4000000000000001
2020-02-05 15:43:11,0.023232323232323215
2020-02-05 15:43:06,-0.8
2020-02-05 15:43:01,0.0
2020-02-05 15:42:57,0.3444444444444444
2020-02-05 15:42:45,0.0
2020-02-05 15:42:45,0.0
2020-02-05 15:42:45,0.0
2020-02-05 15:42:41,0.25
2020-02-05 15:42:41,0.3
2020-02-05 15:42:33,0.0
2020-02-05 15:41:56,0.0
2020-02-05 15:41:36,0.0
2020-02-05 15:40:48,0.0
2020-02-05 15:40:48,0.0
2020-02-05 15:40:47,0.0
2020-02-05 15:40:14,0.20000000000000004
2020-02-05 15:40:11,-0.1
2020-02-05 15:40:02,0.0
2020-02-05 15:39:09,0.049999999999999996
2020-02-05 15:39:06,0.0
2020-02-05 15:38:43,0.0
2020-02-05 15:38:43,0.0
2020-02-05 15:38:43,0.0
2020-02-05 15:38:40,0.5
2020-02-05 15:38:40,0.0
2020-02-05 15:37:48,-0.24629629629629632
2020-02-05 15:36:56,0.45
2020-02-05 15:36:54,0.23611111111111113
2020-02-05 15:36:44,0.0
2020-02-05 15:36:44,0.0
2020-02-05 15:36:44,0.0
2020-02-05 15:36:37,0.45
2020-02-05 15:36:12,0.0
2020-02-05 15:36:01,0.0
2020-02-05 15:35:56,0.0
2020-02-05 15:35:20,0.0
2020-02-05 15:34:49,0.0
2020-02-05 15:34:46,0.0
2020-02-05 15:34:46,0.0
2020-02-05 15:34:45,0.0
2020-02-05 15:34:27,0.0
2020-02-05 15:34:19,0.0
2020-02-05 15:33:04,0.0
2020-02-05 15:32:56,0.2111111111111111
2020-02-05 15:32:41,0.0
2020-02-05 15:32:41,0.0
2020-02-05 15:32:41,0.0
2020-02-05 15:32:35,0.0
2020-02-05 15:32:19,0.0
2020-02-05 15:31:49,0.0
2020-02-05 15:31:41,-0.2625
2020-02-05 15:31:32,0.0
2020-02-05 15:31:11,0.25
2020-02-05 15:31:00,0.20000000000000004
2020-02-05 15:30:41,0.0
2020-02-05 15:30:41,0.0
2020-02-05 15:30:41,0.0
2020-02-05 15:30:38,0.5
2020-02-05 15:30:15,0.0
2020-02-05 15:29:50,0.0
2020-02-05 15:29:45,0.5
2020-02-05 15:29:10,0.0
2020-02-05 15:28:59,0.0
2020-02-05 15:28:52,0.0
2020-02-05 15:28:39,0.0
2020-02-05 15:28:39,0.0
2020-02-05 15:28:39,0.0
2020-02-05 15:28:36,-0.3333333333333333
2020-02-05 15:28:33,0.17500000000000002
2020-02-05 15:28:23,0.0
2020-02-05 15:26:48,0.0
2020-02-05 15:26:41,0.0
2020-02-05 15:26:41,0.0
2020-02-05 15:26:41,0.0
2020-02-05 15:26:19,0.0
2020-02-05 15:24:36,0.0
2020-02-05 15:24:36,0.0
2020-02-05 15:24:36,0.0
2020-02-05 15:23:53,0.5
2020-02-05 15:23:31,0.45
2020-02-05 15:22:43,0.0
2020-02-05 15:22:37,0.0
2020-02-05 15:22:37,0.0
2020-02-05 15:22:37,0.0
2020-02-05 15:21:56,0.46666666666666673
2020-02-05 15:21:33,0.0
2020-02-05 15:20:38,0.0
2020-02-05 15:20:38,0.0
2020-02-05 15:20:37,0.0
2020-02-05 15:20:27,-0.05
2020-02-05 15:19:47,0.0
2020-02-05 15:18:35,0.0
2020-02-05 15:18:35,0.0
2020-02-05 15:18:35,0.0
2020-02-05 15:17:56,0.26666666666666666
2020-02-05 15:17:28,0.25
2020-02-05 15:17:11,0.0
2020-02-05 15:16:54,-0.05
2020-02-05 15:16:44,0.58
2020-02-05 15:16:33,0.0
2020-02-05 15:16:32,0.0
2020-02-05 15:16:32,0.0
2020-02-05 15:16:08,0.7
2020-02-05 15:15:36,0.1
2020-02-05 15:14:56,0.0
2020-02-05 15:14:54,0.5
2020-02-05 15:14:51,0.5
2020-02-05 15:14:34,0.0
2020-02-05 15:14:34,0.0
2020-02-05 15:14:34,0.0
2020-02-05 15:14:31,-0.2916666666666667
2020-02-05 15:14:02,0.0
2020-02-05 15:13:44,0.1
2020-02-05 15:13:21,0.0
2020-02-05 15:13:16,0.05
2020-02-05 15:13:16,0.0
2020-02-05 15:12:47,0.0
2020-02-05 15:12:33,0.0
2020-02-05 15:12:30,0.0
2020-02-05 15:12:30,0.0
2020-02-05 15:12:30,0.0
2020-02-05 15:12:04,0.25
2020-02-05 15:11:46,0.0
2020-02-05 15:10:49,0.0
2020-02-05 15:10:31,0.0
2020-02-05 15:10:31,0.0
2020-02-05 15:10:31,0.0
2020-02-05 15:10:03,0.0
2020-02-05 15:09:55,0.0
2020-02-05 15:09:23,0.5
2020-02-05 15:09:10,0.0
2020-02-05 15:08:32,0.5
2020-02-05 15:08:27,0.0
2020-02-05 15:08:27,0.0
2020-02-05 15:08:27,0.0
2020-02-05 15:08:24,0.31875
2020-02-05 15:08:03,0.5
2020-02-05 15:07:36,0.5
2020-02-05 15:07:29,0.5
2020-02-05 15:06:43,0.3333333333333333
2020-02-05 15:06:26,0.0
2020-02-05 15:06:23,0.0
2020-02-05 15:06:23,0.0
2020-02-05 15:06:23,0.0
2020-02-05 15:06:04,0.31875
2020-02-05 15:05:46,0.5
2020-02-05 15:05:31,0.0
2020-02-05 15:05:26,0.0
2020-02-05 15:05:11,0.0
2020-02-05 15:05:07,0.3
2020-02-05 15:05:01,-0.35416666666666663
2020-02-05 15:04:53,0.25
2020-02-05 15:04:26,0.0
2020-02-05 15:04:26,0.0
2020-02-05 15:04:26,0.0
2020-02-05 15:04:00,-0.05
2020-02-05 15:03:56,0.2571428571428571
2020-02-05 15:03:27,0.39
2020-02-05 15:03:25,0.35
2020-02-05 15:03:11,0.6000000000000001
2020-02-05 15:03:06,0.04583333333333334
2020-02-05 15:02:56,0.0
2020-02-05 15:02:18,0.0
2020-02-05 15:02:18,0.0
2020-02-05 15:02:18,0.0
2020-02-05 15:02:14,0.0
2020-02-05 15:02:03,0.1
2020-02-05 15:01:55,0.0
2020-02-05 15:01:23,0.0
2020-02-05 15:00:37,0.0
2020-02-05 15:00:33,0.0
2020-02-05 15:00:19,0.0
2020-02-05 15:00:19,0.0
2020-02-05 15:00:19,0.0
2020-02-05 15:00:11,0.5
2020-02-05 15:00:10,0.0
2020-02-05 14:58:50,0.0
2020-02-05 14:58:22,0.0
2020-02-05 14:58:22,0.0
2020-02-05 14:58:22,0.0
2020-02-05 14:58:17,0.31875
2020-02-05 14:58:14,0.6000000000000001
2020-02-05 14:57:55,0.0
2020-02-05 14:57:14,0.0
2020-02-05 14:57:05,0.0
2020-02-05 14:57:04,0.0
2020-02-05 14:56:48,0.0
2020-02-05 14:56:26,0.0
2020-02-05 14:56:20,0.0
2020-02-05 14:56:20,0.0
2020-02-05 14:56:20,0.0
2020-02-05 14:56:13,0.0
2020-02-05 14:56:08,0.5
2020-02-05 14:55:36,0.15000000000000002
2020-02-05 14:55:30,0.0
2020-02-05 14:55:10,0.0
2020-02-05 14:55:08,0.2
2020-02-05 14:54:54,0.4277777777777778
2020-02-05 14:54:41,0.0
2020-02-05 14:54:31,0.0
2020-02-05 14:54:15,0.0
2020-02-05 14:54:15,0.0
2020-02-05 14:54:15,0.0
2020-02-05 14:54:02,0.0
2020-02-05 14:53:37,-0.25
2020-02-05 14:53:09,0.0
2020-02-05 14:52:32,0.0
2020-02-05 14:52:16,0.0
2020-02-05 14:52:16,0.0
2020-02-05 14:52:16,0.0
2020-02-05 14:52:02,0.5
2020-02-05 14:51:26,0.0
2020-02-05 14:51:19,0.5
2020-02-05 14:51:06,0.0
2020-02-05 14:50:27,-0.25
2020-02-05 14:50:21,0.5
2020-02-05 14:50:18,0.7
2020-02-05 14:50:09,0.0
2020-02-05 14:50:09,0.0
2020-02-05 14:50:09,0.0
2020-02-05 14:50:08,0.5
2020-02-05 14:49:18,0.5
2020-02-05 14:49:08,0.5
2020-02-05 14:48:37,0.06818181818181818
2020-02-05 14:48:37,0.0
2020-02-05 14:48:34,0.0
2020-02-05 14:48:33,-0.6
2020-02-05 14:48:32,0.0
2020-02-05 14:48:28,0.0
2020-02-05 14:48:27,0.0
2020-02-05 14:48:26,0.5
2020-02-05 14:48:11,0.0
2020-02-05 14:48:11,0.0
2020-02-05 14:48:11,0.0
2020-02-05 14:47:37,0.15000000000000002
2020-02-05 14:47:32,0.1
2020-02-05 14:46:59,0.6
2020-02-05 14:46:48,0.15000000000000002
2020-02-05 14:46:10,0.0
2020-02-05 14:46:10,0.0
2020-02-05 14:46:10,0.0
2020-02-05 14:45:19,0.0
2020-02-05 14:44:31,0.1
2020-02-05 14:44:08,0.0
2020-02-05 14:44:08,0.0
2020-02-05 14:44:07,0.0
2020-02-05 14:43:30,0.0
2020-02-05 14:43:04,0.0
2020-02-05 14:43:02,0.0
2020-02-05 14:42:59,0.13636363636363635
2020-02-05 14:42:59,0.12499999999999999
2020-02-05 14:42:50,0.0
2020-02-05 14:42:43,0.0
2020-02-05 14:42:41,0.0
2020-02-05 14:42:40,-0.3
2020-02-05 14:42:32,-0.06666666666666667
2020-02-05 14:42:09,0.0
2020-02-05 14:42:05,0.0
2020-02-05 14:42:05,0.0
2020-02-05 14:42:05,0.0
2020-02-05 14:41:57,0.0
2020-02-05 14:41:57,0.0
2020-02-05 14:41:04,0.0
2020-02-05 14:40:28,0.0
2020-02-05 14:40:06,0.0
2020-02-05 14:40:06,0.0
2020-02-05 14:40:06,0.0
2020-02-05 14:39:40,0.0
2020-02-05 14:39:16,0.04166666666666666
2020-02-05 14:39:01,0.0
2020-02-05 14:38:52,0.0
2020-02-05 14:38:48,-0.05
2020-02-05 14:38:45,0.15000000000000002
2020-02-05 14:38:28,0.0
2020-02-05 14:38:07,0.0
2020-02-05 14:37:59,0.0
2020-02-05 14:37:59,0.0
2020-02-05 14:37:59,0.0
2020-02-05 14:36:18,0.35
2020-02-05 14:36:03,0.10714285714285714
2020-02-05 14:36:02,0.0
2020-02-05 14:36:02,0.0
2020-02-05 14:36:02,0.0
2020-02-05 14:34:47,-0.6
2020-02-05 14:34:00,0.0
2020-02-05 14:34:00,0.0
2020-02-05 14:34:00,0.0
2020-02-05 14:33:31,0.21481481481481482
2020-02-05 14:33:05,0.0
2020-02-05 14:32:15,0.0
2020-02-05 14:32:03,0.0
2020-02-05 14:32:03,0.0
2020-02-05 14:32:03,0.0
2020-02-05 14:31:45,0.0
2020-02-05 14:31:34,0.0
2020-02-05 14:31:21,0.0
2020-02-05 14:28:27,0.0
2020-02-05 14:27:15,0.0
2020-02-05 14:26:12,0.0
2020-02-05 14:25:55,0.0
2020-02-05 14:25:41,0.16666666666666666
2020-02-05 14:24:46,0.0
2020-02-05 14:23:55,0.0
2020-02-05 14:23:39,0.0
2020-02-05 14:23:31,0.24416666666666667
2020-02-05 14:23:08,0.0
2020-02-05 14:23:03,0.0
2020-02-05 14:23:03,0.0
2020-02-05 14:22:57,0.0
2020-02-05 14:22:15,0.0
2020-02-05 14:22:14,0.0
2020-02-05 14:21:05,0.0
2020-02-05 14:20:18,0.0
2020-02-05 14:19:59,0.0
2020-02-05 14:19:42,0.0
2020-02-05 14:19:16,0.25
2020-02-05 14:17:58,0.0
2020-02-05 14:17:46,0.0
2020-02-05 14:17:30,0.0
2020-02-05 14:17:04,0.0
2020-02-05 14:17:03,-0.055555555555555546
2020-02-05 14:16:18,0.0
2020-02-05 14:16:03,0.0
2020-02-05 14:15:06,-0.13333333333333333
2020-02-05 14:14:53,0.0
2020-02-05 14:14:40,-0.075
2020-02-05 14:14:40,0.0
2020-02-05 14:14:10,0.0
2020-02-05 14:14:05,0.0
2020-02-05 14:13:25,0.0
2020-02-05 14:12:54,0.0
2020-02-05 14:12:49,-0.1
2020-02-05 14:12:47,0.0
2020-02-05 14:12:32,0.0
2020-02-05 14:11:24,-0.25
2020-02-05 14:11:08,0.13636363636363635
2020-02-05 14:10:37,0.0
2020-02-05 14:10:10,0.0
2020-02-05 14:10:01,0.36818181818181817
2020-02-05 14:10:01,0.0
2020-02-05 14:09:33,0.0
2020-02-05 14:08:38,0.0
2020-02-05 14:08:35,0.0
2020-02-05 14:08:28,0.25
2020-02-05 14:08:13,0.0
2020-02-05 14:07:58,0.0
2020-02-05 14:07:41,0.0
2020-02-05 14:07:23,0.0
2020-02-05 14:07:16,0.25
2020-02-05 14:07:10,0.0
2020-02-05 14:06:57,0.0
2020-02-05 14:06:24,0.0
2020-02-05 14:06:15,0.25
2020-02-05 14:05:45,0.0
2020-02-05 14:05:42,-0.1
2020-02-05 14:05:34,0.0
2020-02-05 14:04:28,0.0
2020-02-05 14:04:26,0.0
2020-02-05 14:03:29,0.0
2020-02-05 14:03:14,0.0
2020-02-05 14:02:50,0.0
2020-02-05 14:02:47,0.0
2020-02-05 14:02:46,0.0
2020-02-05 14:02:07,0.0
2020-02-05 14:02:00,0.0740909090909091
2020-02-05 14:01:54,0.0
2020-02-05 14:01:48,-0.3
2020-02-05 14:01:24,0.8
2020-02-05 14:01:13,0.001515151515151511
2020-02-05 14:01:08,0.001515151515151511
2020-02-05 14:01:02,0.0
2020-02-05 14:01:00,0.0
2020-02-05 14:00:49,0.0
2020-02-05 14:00:15,0.0
2020-02-05 14:00:09,0.0
2020-02-05 14:00:03,0.0
2020-02-05 13:59:55,0.35
2020-02-05 13:59:52,0.35
2020-02-05 13:59:43,0.13636363636363635
2020-02-05 13:59:34,0.08333333333333333
2020-02-05 13:59:17,0.0
2020-02-05 13:58:48,0.0
2020-02-05 13:58:02,0.8
2020-02-05 13:57:04,0.0
2020-02-05 13:56:50,0.8
2020-02-05 13:55:51,0.0
2020-02-05 13:55:19,0.0
2020-02-05 13:54:51,0.0
2020-02-05 13:54:38,0.22857142857142856
2020-02-05 13:54:36,0.125
2020-02-05 13:51:41,0.0
2020-02-05 13:50:33,-0.125
2020-02-05 13:50:18,0.0
2020-02-05 13:50:17,0.0
2020-02-05 13:49:59,0.0
2020-02-05 13:49:31,0.13636363636363635
2020-02-05 13:49:23,-0.1
2020-02-05 13:49:00,0.7
2020-02-05 13:47:43,-0.1
2020-02-05 13:46:35,0.0
2020-02-05 13:46:32,0.1
2020-02-05 13:46:24,0.5
2020-02-05 13:45:38,0.0
2020-02-05 13:45:17,0.0
2020-02-05 13:45:07,0.7
2020-02-05 13:44:41,-0.3
2020-02-05 13:44:22,0.0
2020-02-05 13:44:19,0.0
2020-02-05 13:44:10,0.0
2020-02-05 13:44:01,0.0
2020-02-05 13:43:48,-0.05
2020-02-05 13:42:35,0.0
2020-02-05 13:42:32,0.225
2020-02-05 13:42:20,0.125
2020-02-05 13:42:03,0.5
2020-02-05 13:41:55,0.3125
2020-02-05 13:41:28,0.11666666666666665
2020-02-05 13:40:47,0.0
2020-02-05 13:40:34,0.5
2020-02-05 13:40:31,0.5222222222222221
2020-02-05 13:40:18,0.0
2020-02-05 13:39:53,0.0
2020-02-05 13:39:30,-0.1
2020-02-05 13:39:05,0.0
2020-02-05 13:38:51,-0.15555555555555559
2020-02-05 13:37:51,0.0
2020-02-05 13:37:26,0.3181818181818182
2020-02-05 13:37:25,0.1
2020-02-05 13:37:03,0.0
2020-02-05 13:36:23,0.0
2020-02-05 13:35:50,0.0
2020-02-05 13:35:38,0.0
2020-02-05 13:35:38,0.11285714285714285
2020-02-05 13:35:35,0.0
2020-02-05 13:35:23,0.15
2020-02-05 13:35:00,0.0
2020-02-05 13:34:34,0.0
2020-02-05 13:34:07,0.0
2020-02-05 13:32:16,0.25
2020-02-05 13:32:12,0.0
2020-02-05 13:30:32,0.11666666666666665
2020-02-05 13:29:06,0.26666666666666666
2020-02-05 13:29:02,0.0
2020-02-05 13:28:38,0.125
2020-02-05 13:27:59,0.0
2020-02-05 13:26:59,0.0
2020-02-05 13:26:32,0.0
2020-02-05 13:26:31,-0.041666666666666664
2020-02-05 13:26:02,0.125
2020-02-05 13:25:47,0.26666666666666666
2020-02-05 13:25:06,0.0
2020-02-05 13:24:32,0.5
2020-02-05 13:24:29,0.23642857142857143
2020-02-05 13:23:17,0.05
2020-02-05 13:22:34,-0.2
2020-02-05 13:21:08,0.0
2020-02-05 13:20:14,0.23642857142857143
2020-02-05 13:19:23,0.23642857142857143
2020-02-05 13:18:20,0.0
2020-02-05 13:18:16,0.58
2020-02-05 13:18:00,-0.025
2020-02-05 13:17:52,0.06628787878787878
2020-02-05 13:16:20,0.30000000000000004
2020-02-05 13:15:48,0.12727272727272726
2020-02-05 13:15:04,0.49523809523809526
2020-02-05 13:14:03,0.0
2020-02-05 13:13:54,-0.07500000000000001
2020-02-05 13:13:16,0.0
2020-02-05 13:13:13,0.0
2020-02-05 13:10:29,0.08333333333333333
2020-02-05 13:08:07,0.21428571428571427
2020-02-05 13:07:55,0.2857142857142857
2020-02-05 13:07:47,0.0
2020-02-05 13:05:52,0.0
2020-02-05 13:05:40,0.0
2020-02-05 13:05:07,0.125
2020-02-05 13:04:50,-0.05
2020-02-05 13:04:02,0.0
2020-02-05 13:03:17,0.225
2020-02-05 13:01:14,-0.1
2020-02-05 13:01:04,0.0
2020-02-05 13:00:48,0.5
2020-02-05 13:00:17,-0.2
2020-02-05 13:00:15,0.0
2020-02-05 13:00:03,0.5
2020-02-05 12:59:35,0.0
2020-02-05 12:59:30,0.0
2020-02-05 12:57:37,0.0
2020-02-05 12:57:07,0.37878787878787873
2020-02-05 12:56:36,0.0
2020-02-05 12:55:43,0.45
2020-02-05 12:53:14,0.08333333333333333
2020-02-05 12:52:53,0.0
2020-02-05 12:52:32,0.0
2020-02-05 12:48:45,0.08333333333333333
2020-02-05 12:48:42,0.08333333333333333
2020-02-05 12:48:35,0.125
2020-02-05 12:48:33,0.0
2020-02-05 12:48:22,0.0
2020-02-05 12:48:16,0.08333333333333333
2020-02-05 12:47:33,0.45
2020-02-05 12:45:18,-0.08181818181818182
2020-02-05 12:44:16,0.0
2020-02-05 12:44:00,0.0
2020-02-05 12:43:32,0.0
2020-02-05 12:42:21,0.225
2020-02-05 12:41:57,-0.05
2020-02-05 12:40:56,0.15666666666666668
2020-02-05 12:40:46,0.15666666666666668
2020-02-05 12:40:20,-0.05
2020-02-05 12:39:41,0.15666666666666668
2020-02-05 12:37:55,0.0
2020-02-05 12:37:48,0.3125
2020-02-05 12:37:35,0.0
2020-02-05 12:37:06,0.0
2020-02-05 12:36:37,0.1
2020-02-05 12:35:35,-0.05
2020-02-05 12:35:33,-0.075
2020-02-05 12:31:56,0.0
2020-02-05 12:31:03,0.0
2020-02-05 12:30:14,0.0
2020-02-05 12:30:00,0.1
2020-02-05 12:29:19,-0.15
2020-02-05 12:29:03,-0.15
2020-02-05 12:25:34,0.0
2020-02-05 12:25:18,0.0
2020-02-05 12:24:46,0.0
2020-02-05 12:20:12,0.0
2020-02-05 12:18:11,0.3
2020-02-05 12:18:02,-0.075
2020-02-05 12:17:53,0.0
2020-02-05 12:17:21,0.0
2020-02-05 12:15:27,-0.49583333333333324
2020-02-05 12:14:03,0.2
2020-02-05 12:12:00,0.0
2020-02-05 12:09:44,0.0
2020-02-05 12:06:58,-0.26666666666666666
2020-02-05 12:06:11,0.10666666666666667
2020-02-05 12:05:32,0.1787878787878788
2020-02-05 12:01:37,0.0
2020-02-05 12:00:08,0.0
2020-02-05 11:58:29,0.0
2020-02-05 11:58:18,-0.125
2020-02-05 11:55:19,0.8
2020-02-05 11:54:33,0.16
2020-02-05 11:53:53,0.0
2020-02-05 11:53:34,0.0
2020-02-05 11:53:10,0.43333333333333335
2020-02-05 11:53:03,0.0
2020-02-05 11:52:33,0.1
2020-02-05 11:52:22,-0.06666666666666667
2020-02-05 11:49:39,-0.06666666666666667
2020-02-05 11:48:52,0.0
2020-02-05 11:48:09,0.0
2020-02-05 11:47:14,-0.06666666666666667
2020-02-05 11:46:21,0.0
2020-02-05 11:45:33,0.5
2020-02-05 11:44:42,-0.3
2020-02-05 11:44:36,0.0
2020-02-05 11:42:57,0.0
2020-02-05 11:40:53,0.6
2020-02-05 11:39:49,0.0
2020-02-05 11:34:52,-0.3
2020-02-05 11:34:52,0.5
2020-02-05 11:34:44,0.05
2020-02-05 11:34:26,-0.3
2020-02-05 11:34:22,0.5428571428571429
2020-02-05 11:32:22,-0.3
2020-02-05 11:30:49,0.6
2020-02-05 11:30:11,0.6
2020-02-05 11:28:35,0.0
2020-02-05 11:27:11,-0.06666666666666667
2020-02-05 11:26:33,-0.3
2020-02-05 11:26:25,0.04545454545454545
2020-02-05 11:25:12,0.5
2020-02-05 11:25:07,0.3181818181818182
2020-02-05 11:24:07,-0.3
2020-02-05 11:23:41,-0.3
2020-02-05 11:22:54,0.0
2020-02-05 11:21:36,-0.3
2020-02-05 11:21:03,0.0
2020-02-05 11:20:49,0.05
2020-02-05 11:19:01,-0.3
2020-02-05 11:18:38,-0.3
2020-02-05 11:18:37,0.5
2020-02-05 11:18:08,-0.3
2020-02-05 11:11:24,0.0
2020-02-05 11:11:19,0.13636363636363635
2020-02-05 11:10:42,0.0
2020-02-05 11:09:04,0.0
2020-02-05 11:00:36,0.0
2020-02-05 10:58:18,0.25
2020-02-05 10:58:09,0.26875
2020-02-05 10:58:03,0.25
2020-02-05 10:50:19,0.0
2020-02-05 10:48:01,0.0
2020-02-05 10:47:16,0.0
2020-02-05 10:46:05,0.05
2020-02-05 10:45:05,0.0
2020-02-05 10:43:29,0.0
2020-02-05 10:41:31,0.0
2020-02-05 10:41:24,0.5
2020-02-05 10:40:44,-0.2
2020-02-05 10:36:27,0.0
2020-02-05 10:30:52,0.0
2020-02-05 10:28:21,0.15
2020-02-05 10:27:29,0.0
2020-02-05 10:27:13,0.0
2020-02-05 10:26:05,0.0
2020-02-05 10:21:52,-0.08181818181818182
2020-02-05 10:21:29,0.26875
2020-02-05 10:21:20,0.0
2020-02-05 10:20:36,-0.05
2020-02-05 10:10:56,0.0
2020-02-05 10:09:03,0.0
2020-02-05 10:00:26,-0.05
2020-02-05 09:59:24,-0.075
2020-02-05 09:57:16,0.0
2020-02-05 09:57:16,0.0
2020-02-05 09:48:50,-0.15
2020-02-05 09:46:28,-0.2
2020-02-05 09:45:28,-0.1875
2020-02-05 09:43:05,0.0
2020-02-05 09:40:30,0.5
2020-02-05 09:36:26,0.0
2020-02-05 09:31:03,0.0
2020-02-05 09:27:13,0.1
2020-02-05 09:23:08,0.0
2020-02-05 09:17:57,0.15476190476190474
2020-02-05 09:03:05,0.35
2020-02-05 09:02:32,0.0
2020-02-05 09:00:17,0.58
2020-02-05 08:59:01,0.5
2020-02-05 08:57:19,1.0
2020-02-05 08:57:18,0.5
2020-02-05 08:57:17,0.0
2020-02-05 08:57:16,0.0
2020-02-05 08:57:15,0.0
2020-02-05 08:57:15,0.0
2020-02-05 08:57:14,0.2
2020-02-05 08:57:13,0.0
2020-02-05 08:54:39,0.1
2020-02-05 08:51:15,0.0
2020-02-05 08:47:24,0.3333333333333333
2020-02-05 08:47:23,0.0
2020-02-05 08:47:22,0.13636363636363635
2020-02-05 08:41:40,0.0
2020-02-05 08:41:27,0.15000000000000002
2020-02-05 08:38:33,-0.03571428571428571
2020-02-05 08:36:01,0.13636363636363635
2020-02-05 08:34:57,0.58
2020-02-05 08:34:37,0.0
2020-02-05 08:33:47,0.0
2020-02-05 08:33:45,0.1
2020-02-05 08:31:17,0.45714285714285713
2020-02-05 08:31:02,0.0
2020-02-05 08:31:00,0.09999999999999999
2020-02-05 08:29:52,-0.6
2020-02-05 08:29:33,0.0
2020-02-05 08:27:45,0.45714285714285713
2020-02-05 08:24:06,0.0
2020-02-05 08:23:08,0.0
2020-02-05 08:20:42,0.0
2020-02-05 08:20:34,0.0010101010101010073
2020-02-05 08:19:02,0.1
2020-02-05 08:12:59,0.4333333333333333
2020-02-05 08:12:08,0.3333333333333333
2020-02-05 08:12:07,0.0
2020-02-05 08:12:06,0.13636363636363635
2020-02-05 08:11:03,0.23642857142857143
2020-02-05 08:08:56,0.23642857142857143
2020-02-05 08:08:52,0.0
2020-02-05 08:07:23,0.23642857142857143
2020-02-05 08:04:27,0.365
2020-02-05 08:03:26,0.1
2020-02-05 08:02:47,0.11666666666666665
2020-02-05 07:53:48,0.0
2020-02-05 07:53:01,0.0
2020-02-05 07:46:53,0.45000000000000007
2020-02-05 07:46:14,0.0
2020-02-05 07:43:00,0.0
2020-02-05 07:21:05,0.0
2020-02-05 07:21:00,0.0
2020-02-05 07:18:55,0.0
2020-02-05 07:12:33,0.1
2020-02-05 07:11:42,0.0
2020-02-05 07:02:26,0.0
2020-02-05 07:02:24,0.30000000000000004
2020-02-05 07:02:16,0.0
2020-02-05 07:02:07,0.0
2020-02-05 07:01:45,0.0
2020-02-05 07:01:09,0.25
2020-02-05 07:01:07,-0.125
2020-02-05 06:57:37,0.0
2020-02-05 06:55:41,0.0
2020-02-05 06:40:09,0.06818181818181818
2020-02-05 06:39:22,0.0
2020-02-05 06:39:01,0.0
2020-02-05 06:32:58,0.0
2020-02-05 06:31:02,0.0
2020-02-05 06:30:26,0.0
2020-02-05 06:29:38,0.0
2020-02-05 06:28:39,0.0
2020-02-05 06:28:31,0.05
2020-02-05 06:27:49,0.0
2020-02-05 06:21:38,0.23642857142857143
2020-02-05 06:18:46,0.0
2020-02-05 06:18:10,0.23642857142857143
2020-02-05 06:14:49,0.0
2020-02-05 06:13:54,0.23642857142857143
2020-02-05 06:12:39,0.0
2020-02-05 06:09:06,0.0
2020-02-05 06:08:34,0.0
2020-02-05 06:08:12,0.0
2020-02-05 06:07:07,0.0
2020-02-05 06:05:36,0.1
2020-02-05 06:04:15,0.0
2020-02-05 06:03:15,0.0
2020-02-05 06:02:21,0.0
2020-02-05 06:02:02,0.0
2020-02-05 05:58:49,0.16666666666666666
2020-02-05 05:56:15,0.0
2020-02-05 05:55:54,0.0
2020-02-05 05:54:05,0.0
2020-02-05 05:53:17,0.0
2020-02-05 05:52:02,0.0
2020-02-05 05:48:39,0.0
2020-02-05 05:47:05,0.0
2020-02-05 05:46:14,0.0
2020-02-05 05:43:35,0.0
2020-02-05 05:42:38,0.0
2020-02-05 05:42:14,0.58
2020-02-05 05:39:03,0.58
2020-02-05 05:37:59,0.0
2020-02-05 05:37:45,0.0
2020-02-05 05:37:10,0.0
2020-02-05 05:32:33,0.0
2020-02-05 05:31:37,0.21428571428571427
2020-02-05 05:31:36,0.0
2020-02-05 05:31:36,0.5
2020-02-05 05:31:36,0.0
2020-02-05 05:31:35,0.0
2020-02-05 05:31:35,0.0
2020-02-05 05:31:35,-0.0625
2020-02-05 05:31:20,-0.05
2020-02-05 05:31:11,0.3333333333333333
2020-02-05 05:28:44,0.8
2020-02-05 05:28:21,0.0
2020-02-05 05:27:20,0.0
2020-02-05 05:24:43,0.0
2020-02-05 05:22:02,0.0
2020-02-05 05:21:43,0.21428571428571427
2020-02-05 05:21:02,0.0
2020-02-05 05:17:22,0.23642857142857143
2020-02-05 05:17:07,0.23642857142857143
2020-02-05 05:13:57,-0.7999999999999999
2020-02-05 05:09:52,-0.1
2020-02-05 05:08:04,0.23642857142857143
2020-02-05 05:06:55,0.0
2020-02-05 05:05:18,0.0
2020-02-05 05:04:53,0.1
2020-02-05 05:04:36,0.13636363636363635
2020-02-05 05:04:24,0.5
2020-02-05 05:04:01,-0.15
2020-02-05 05:03:41,0.0
2020-02-05 05:02:36,-0.05
2020-02-05 05:00:55,0.0
2020-02-05 05:00:54,0.0
2020-02-05 05:00:53,0.0
2020-02-05 05:00:49,0.0
2020-02-05 05:00:46,0.0
2020-02-05 05:00:35,0.0
2020-02-05 05:00:33,0.0
2020-02-05 04:55:03,0.2
2020-02-05 04:54:05,-0.15
2020-02-05 04:53:41,-0.15
2020-02-05 04:47:55,-0.15000000000000002
2020-02-05 04:44:16,-0.2
2020-02-05 04:44:12,0.0
2020-02-05 04:43:20,0.0
2020-02-05 04:42:44,-0.0625
2020-02-05 04:42:19,0.13636363636363635
2020-02-05 04:42:02,-0.2
2020-02-05 04:41:53,0.0
2020-02-05 04:39:01,0.0
2020-02-05 04:36:15,0.0
2020-02-05 04:35:56,-0.15
2020-02-05 04:31:10,0.0
2020-02-05 04:26:36,0.0
2020-02-05 04:25:03,0.21666666666666667
2020-02-05 04:24:52,-0.2
2020-02-05 04:22:53,0.3666666666666667
2020-02-05 04:16:25,0.0
2020-02-05 04:16:08,-0.2
2020-02-05 04:14:55,0.20000000000000004
2020-02-05 04:13:33,0.1
2020-02-05 04:13:16,0.04545454545454545
2020-02-05 04:12:55,0.0
2020-02-05 04:08:45,0.19999999999999998
2020-02-05 04:08:13,-0.125
2020-02-05 04:06:50,0.55
2020-02-05 04:06:14,0.0
2020-02-05 04:01:58,0.0
2020-02-05 04:00:02,-0.15
2020-02-05 03:59:21,0.58
2020-02-05 03:59:01,0.30000000000000004
2020-02-05 03:58:45,0.0
2020-02-05 03:58:04,0.0
2020-02-05 03:57:58,0.0
2020-02-05 03:57:55,0.0
2020-02-05 03:57:35,0.0
2020-02-05 03:57:06,0.0
2020-02-05 03:57:03,-0.1875
2020-02-05 03:56:47,0.0
2020-02-05 03:56:29,0.0
2020-02-05 03:55:55,0.0
2020-02-05 03:54:05,0.0
2020-02-05 03:53:53,0.0
2020-02-05 03:53:42,0.0
2020-02-05 03:53:34,0.0
2020-02-05 03:53:34,0.0
2020-02-05 03:53:21,0.23642857142857143
2020-02-05 03:53:00,0.0
2020-02-05 03:52:36,0.0
2020-02-05 03:52:15,0.0
2020-02-05 03:52:03,0.0
2020-02-05 03:51:49,0.0
2020-02-05 03:51:36,-0.15
2020-02-05 03:50:33,0.0
2020-02-05 03:50:23,0.0
2020-02-05 03:50:17,-0.3
2020-02-05 03:49:53,0.0
2020-02-05 03:48:54,0.58
2020-02-05 03:48:21,0.0
2020-02-05 03:47:59,0.0
2020-02-05 03:46:55,-0.15
2020-02-05 03:45:37,0.0
2020-02-05 03:45:16,0.0
2020-02-05 03:44:53,0.23642857142857143
2020-02-05 03:44:52,-0.2
2020-02-05 03:42:46,-0.6999999999999998
2020-02-05 03:40:17,-0.125
2020-02-05 03:39:26,-0.1
2020-02-05 03:36:45,0.23642857142857143
2020-02-05 03:31:07,0.23642857142857143
2020-02-05 03:29:49,0.25
2020-02-05 03:29:27,0.1875
2020-02-05 03:29:18,-0.5
2020-02-05 03:28:00,0.2
2020-02-05 03:27:52,0.16666666666666666
2020-02-05 03:26:21,0.23642857142857143
2020-02-05 03:26:09,0.0
2020-02-05 03:25:01,-0.2
2020-02-05 03:24:46,0.0
2020-02-05 03:23:41,-0.15
2020-02-05 03:23:32,0.13636363636363635
2020-02-05 03:23:21,0.5714285714285714
2020-02-05 03:22:15,0.0
2020-02-05 03:22:00,-0.2
2020-02-05 03:21:22,0.0
2020-02-05 03:21:19,0.5714285714285714
2020-02-05 03:20:35,-0.041666666666666664
2020-02-05 03:19:23,-0.2
2020-02-05 03:18:00,-0.2
2020-02-05 03:17:15,0.23642857142857143
2020-02-05 03:14:24,-0.125
2020-02-05 03:14:16,0.0
2020-02-05 03:10:31,0.0
2020-02-05 03:08:39,0.0
2020-02-05 03:05:21,0.0
2020-02-05 03:05:03,0.13636363636363635
2020-02-05 03:04:41,0.0
2020-02-05 03:01:45,0.0
2020-02-05 03:01:37,0.0
2020-02-05 03:00:28,0.16
2020-02-05 02:55:12,-0.125
2020-02-05 02:55:11,0.0
2020-02-05 02:54:25,0.0
2020-02-05 02:52:19,0.0
2020-02-05 02:50:20,0.0
2020-02-05 02:50:08,-0.125
2020-02-05 02:49:50,0.15
2020-02-05 02:47:53,0.23642857142857143
2020-02-05 02:47:24,0.23642857142857143
2020-02-05 02:45:02,0.0
2020-02-05 02:44:12,-0.125
2020-02-05 02:43:50,-0.041666666666666664
2020-02-05 02:43:40,-0.5
2020-02-05 02:43:40,0.25
2020-02-05 02:43:22,0.0
2020-02-05 02:40:15,-0.3166666666666667
2020-02-05 02:39:52,-0.05
2020-02-05 02:38:19,0.0
2020-02-05 02:37:55,0.0
2020-02-05 02:37:00,0.15
2020-02-05 02:35:46,-0.041666666666666664
2020-02-05 02:35:10,0.23642857142857143
2020-02-05 02:34:31,-0.25
2020-02-05 02:34:01,0.0
2020-02-05 02:33:28,-0.5
2020-02-05 02:32:45,-0.15000000000000002
2020-02-05 02:32:15,0.022222222222222213
2020-02-05 02:31:25,0.15
2020-02-05 02:29:07,0.23642857142857143
2020-02-05 02:29:06,-0.041666666666666664
2020-02-05 02:29:02,0.0
2020-02-05 02:28:28,0.25
2020-02-05 02:28:17,0.23642857142857143
2020-02-05 02:27:22,0.09999999999999999
2020-02-05 02:26:43,0.23642857142857143
2020-02-05 02:25:28,0.23642857142857143
2020-02-05 02:25:15,-0.3166666666666667
2020-02-05 02:25:03,0.21666666666666667
2020-02-05 02:25:02,0.23642857142857143
2020-02-05 02:24:54,0.23642857142857143
2020-02-05 02:24:51,0.23642857142857143
2020-02-05 02:24:46,0.23642857142857143
2020-02-05 02:24:45,0.0
2020-02-05 02:24:44,0.23642857142857143
2020-02-05 02:24:25,0.23642857142857143
2020-02-05 02:24:06,0.23642857142857143
2020-02-05 02:21:53,0.0
2020-02-05 02:19:25,0.0
2020-02-05 02:18:53,0.2681818181818182
2020-02-05 02:17:00,0.15
2020-02-05 02:16:24,0.0
2020-02-05 02:16:01,0.0
2020-02-05 02:14:25,0.05944444444444444
2020-02-05 02:12:49,0.05
2020-02-05 02:12:31,-0.3
2020-02-05 02:12:03,0.0
2020-02-05 02:11:11,0.0
2020-02-05 02:10:15,-0.3166666666666667
2020-02-05 02:05:28,0.25
2020-02-05 02:05:01,0.0
2020-02-05 02:04:48,0.0
2020-02-05 02:02:51,0.15
2020-02-05 02:01:11,0.8
2020-02-05 02:00:55,0.0
2020-02-05 02:00:26,0.0
2020-02-05 01:59:34,0.0
2020-02-05 01:55:19,0.19999999999999998
2020-02-05 01:55:18,0.0
2020-02-05 01:55:18,0.15
2020-02-05 01:55:17,0.1
2020-02-05 01:55:15,-0.3166666666666667
2020-02-05 01:54:03,0.5
2020-02-05 01:52:44,0.0
2020-02-05 01:45:58,0.2681818181818182
2020-02-05 01:42:45,0.37878787878787873
2020-02-05 01:41:32,0.0
2020-02-05 01:40:15,-0.3166666666666667
2020-02-05 01:38:19,0.2375
2020-02-05 01:38:19,0.0
2020-02-05 01:37:32,0.0
2020-02-05 01:37:03,-0.15555555555555559
2020-02-05 01:34:04,0.0
2020-02-05 01:32:44,0.1
2020-02-05 01:32:26,0.0
2020-02-05 01:29:36,0.08333333333333333
2020-02-05 01:27:42,0.0
2020-02-05 01:25:58,0.0
2020-02-05 01:25:15,0.16
2020-02-05 01:24:05,0.0
2020-02-05 01:24:04,0.0
2020-02-05 01:22:41,0.15
2020-02-05 01:22:09,-0.125
2020-02-05 01:20:14,0.35
2020-02-05 01:20:02,0.0
2020-02-05 01:16:55,0.0
2020-02-05 01:16:46,0.5
2020-02-05 01:15:20,0.0
2020-02-05 01:14:16,0.0
2020-02-05 01:12:11,0.0
2020-02-05 01:11:15,0.0
2020-02-05 01:10:15,0.0
2020-02-05 01:10:14,0.0
2020-02-05 01:09:18,0.0
2020-02-05 01:09:15,0.2681818181818182
2020-02-05 01:05:42,0.0
2020-02-05 01:04:03,0.0
2020-02-05 01:03:31,0.0
2020-02-05 01:02:09,0.0
2020-02-05 01:01:51,0.25
2020-02-05 00:59:12,0.5
2020-02-05 00:55:33,-0.1
2020-02-05 00:55:15,0.0
2020-02-05 00:55:06,-0.1
2020-02-05 00:53:50,0.0
2020-02-05 00:44:21,0.1375
2020-02-05 00:43:59,-0.2
2020-02-05 00:43:11,0.0
2020-02-05 00:42:31,0.0
2020-02-05 00:42:24,0.0
2020-02-05 00:41:58,0.0
2020-02-05 00:37:02,0.13636363636363635
2020-02-05 00:36:26,0.0
2020-02-05 00:34:10,0.0
2020-02-05 00:31:48,0.13636363636363635
2020-02-05 00:31:16,0.0
2020-02-05 00:31:07,0.13636363636363635
2020-02-05 00:30:58,0.0
2020-02-05 00:30:38,0.6
2020-02-05 00:29:32,0.10416666666666666
2020-02-05 00:29:30,0.0
2020-02-05 00:29:03,0.0
2020-02-05 00:29:01,0.16
2020-02-05 00:28:05,0.0
2020-02-05 00:26:24,0.35
2020-02-05 00:26:06,0.35
2020-02-05 00:25:15,0.0
2020-02-05 00:24:20,0.0
2020-02-05 00:24:00,0.0
2020-02-05 00:22:32,0.0
2020-02-05 00:22:32,0.0
2020-02-05 00:22:21,0.8
2020-02-05 00:18:48,0.0
2020-02-05 00:18:29,0.0
2020-02-05 00:18:22,-0.1375
2020-02-05 00:17:53,0.0
2020-02-05 00:15:33,-0.025
2020-02-05 00:12:59,-0.1
2020-02-05 00:12:56,0.43333333333333335
2020-02-05 00:12:48,0.0
2020-02-05 00:12:02,0.0
2020-02-05 00:11:35,0.0
2020-02-05 00:11:07,-0.05
2020-02-05 00:10:15,0.0
2020-02-05 00:08:50,0.2681818181818182
2020-02-05 00:08:15,0.0
2020-02-05 00:07:09,-0.5
2020-02-05 00:06:29,0.0
2020-02-05 00:05:52,0.0
2020-02-05 00:05:43,0.5333333333333333
2020-02-05 00:04:02,0.0
2020-02-05 00:02:45,0.0
2020-02-05 00:02:07,0.0
2020-02-05 00:01:11,0.0
